SHOT_DIST,SHOT_NUMBER,SHOT_CLOCK,TOUCH_TIME,SHOT_RESULT
-0.3965053033302629,-0.08605903281772391,-0.7635721026784151,2.5683103060194954,1
0.7161646871915643,-0.08605903281772391,0.8217388912003967,-0.9094815871835624,1
-0.16965025671901665,0.09080963760171741,-0.20036951274778458,0.11339838140557228,0
-0.09403190784860108,-0.7935337144954892,-0.11693209201732072,-0.9094815871835624,1
0.6513489595883509,0.09080963760171741,0.6340046945568534,-0.8510313032641834,1
-0.4721236522006785,1.505759000957248,-0.4089630645739441,-0.1204027542719442,1
0.7485725509931707,2.036365012215572,0.4879892082785419,0.17184866532495147,0
0.40288867044270016,-0.9704023849149305,-0.3255256438434802,-0.9387067291432521,1
0.7269673084587663,0.975152989698924,-1.2016185615133503,-0.8218061613044938,1
0.3164677003050824,-0.7935337144954892,0.4879892082785419,0.7271263625590533,1
-1.293122868508046,-0.6166650440760478,0.44627049791331014,0.93170235627688,1
-0.6341629712087116,0.44454697844060004,1.5100976122267231,-0.3249787479897712,0
0.7809804147947773,0.6214156488600414,-1.0347437200524225,-0.6756804515060459,0
0.705362065924362,0.2676783080211587,0.842598246383013,0.40564980100246795,0
-1.3039254897752484,-0.9704023849149305,0.7591608256525494,0.40564980100246795,0
0.9862302188716195,0.09080963760171741,-0.8470095234088789,-0.9094815871835624,0
0.40288867044270016,1.8594963417961305,0.6757234049220852,0.7271263625590533,0
-1.3579385961112593,1.1520216601183653,-1.4310714685221257,1.282404059793155,0
-0.6557682137431159,-0.6166650440760478,0.008224039078374913,-0.3249787479897712,0
0.5325201256491265,-0.43979637365660657,-1.8899772825396763,-0.9971570130626312,1
0.5001122618475202,-1.5010083961732545,-0.3463849990260961,-0.7925810193448043,0
-1.5199779151192925,-0.26292770323716524,0.5297079186437736,0.8440269303978114,0
-1.7900434467993478,1.505759000957248,1.2389259948527156,-0.7049055934657356,1
0.7269673084587663,-1.147271055334372,-0.17951015756516872,-0.7633558773851146,0
1.0402433252076306,-0.26292770323716524,1.1346292189396359,-0.8510313032641834,1
1.1914800229484612,0.09080963760171741,1.3015040604005637,-0.35420388994946067,0
-1.131083549500013,0.7982843192794827,1.8229879399659623,-0.8510313032641834,0
0.867401384932395,-0.7935337144954892,-0.9513062993219586,0.5225503688412263,0
0.4460991555115092,1.8594963417961305,-1.8482585721744447,3.971117120084595,0
-1.6712146128601233,-1.5010083961732545,0.5922859841916217,0.23029894924433064,0
0.5325201256491265,0.44454697844060004,-0.17951015756516872,-0.8218061613044938,0
0.8133882785963841,1.1520216601183653,-2.432320517287691,-0.9679318711029417,1
0.12202051749544303,0.6214156488600414,0.13338017017407053,1.4577549115512924,1
0.7917830360619798,-0.08605903281772391,-1.0764624304176542,-0.3834290319091503,0
-1.0878730644312042,0.2676783080211587,-1.618805665165669,1.5746554793900507,1
-1.7792408255321455,-1.147271055334372,-0.3255256438434802,-0.1496278962316338,1
0.9862302188716195,1.1520216601183653,1.6352537433224192,-0.9094815871835624,0
-1.1526887920344173,0.2676783080211587,-1.7856805066265966,3.971117120084595,1
-1.552385778920899,-1.5010083961732545,0.7174421152873169,0.5810006527606055,1
0.8241908998635864,0.09080963760171741,0.7383014704699331,0.5810006527606055,0
0.5217175043819245,1.8594963417961305,-1.9525553480875244,-0.1788530381913234,0
0.9970328401388214,0.2676783080211587,-0.11693209201732072,1.4577549115512924,0
-1.5739910214553035,1.6826276713766892,1.2180666396701,-0.7633558773851146,1
-1.2715176259736418,1.3288903305378066,0.07080210462622291,-0.5880050256269773,0
0.34887556410668913,0.6214156488600414,0.46712985309592564,0.5517755108009158,0
-1.4551621875160792,-0.43979637365660657,-0.5341191956696397,0.20107380728464092,1
0.867401384932395,0.6214156488600414,1.259785350035332,-0.9679318711029417,1
-1.7360303404633366,-1.5010083961732545,-1.9316959929049085,0.8732520723575011,0
0.6189410957867443,0.975152989698924,-1.618805665165669,-0.9679318711029417,0
-1.3039254897752484,0.7982843192794827,-0.9513062993219586,0.34719951708308877,1
0.6837568233899577,0.6214156488600414,-0.03349467128685684,1.6038806213497403,1
-0.22366336305502768,-0.7935337144954892,0.38369243236546213,0.5810006527606055,1
-0.04001880151259005,-1.5010083961732545,-2.035992768817988,-0.7049055934657356,0
-1.2067018983704283,-1.147271055334372,0.6131453393742372,0.5810006527606055,1
-1.444359566248877,2.3901023530544547,-1.1390404959655023,0.6394509366799844,1
1.169874780414057,0.44454697844060004,7.41073164882378e-16,0.142623523365262,0
-1.2499123834392372,-0.9704023849149305,0.842598246383013,0.025722955526503628,1
0.6189410957867443,1.505759000957248,-0.6384159715827195,-0.8510313032641834,0
0.7377699297259687,1.3288903305378066,-1.0347437200524225,-0.3834290319091503,1
0.7809804147947773,0.975152989698924,0.9468950222960927,-1.1432827228610791,0
-1.70362247666173,1.505759000957248,0.17509888053930267,0.7563515045187428,1
0.759375172260373,-1.3241397257538132,0.3211143668176142,1.0778280660753279,0
-0.6341629712087116,-0.6166650440760478,-0.6175566164001036,-0.1788530381913234,1
0.8349935211307884,-1.3241397257538132,-0.07521338165208896,-0.5587798836672877,1
0.7377699297259687,0.6214156488600414,-0.47154113012179205,0.23029894924433064,0
-0.07242666531419675,-1.5010083961732545,1.1763479293048684,0.4641000849218471,1
-0.9798468517591821,-1.3241397257538132,1.7604098744181145,-1.1140575809013895,1
0.7917830360619798,0.6214156488600414,-0.5132598404870238,-0.8510313032641834,0
-1.293122868508046,-1.3241397257538132,-1.6605243755309012,-0.2957536060300816,1
-1.336333353576855,0.975152989698924,-0.47154113012179205,2.3345091703419794,0
-1.768438204264943,0.6214156488600414,-1.0347437200524225,-1.1432827228610791,1
0.2732572152362738,-0.43979637365660657,0.5922859841916217,0.814801788438122,1
1.169874780414057,0.09080963760171741,-0.2629475782956326,1.9838074668257042,0
0.5649279894507332,0.6214156488600414,0.19595823572191853,-0.9679318711029417,0
0.9538223550700128,-0.43979637365660657,0.6548640497394697,0.5225503688412263,0
0.2732572152362738,1.6826276713766892,0.21681759090453442,1.2239537758737755,1
0.6837568233899577,1.1520216601183653,-1.5770869548004371,-0.9094815871835624,0
-1.487570051317686,0.09080963760171741,0.40455178754807763,0.9024772143171906,1
-0.08322928658139911,-1.147271055334372,0.6131453393742372,0.6102257947202949,0
0.759375172260373,1.6826276713766892,0.44627049791331014,-0.8510313032641834,1
0.1976388663658584,-0.43979637365660657,0.5714266290090054,0.8440269303978114,1
0.9646249763372148,-0.26292770323716524,-0.4089630645739441,-0.9094815871835624,0
-1.6172015065241123,-0.7935337144954892,0.19595823572191853,1.2239537758737755,1
1.0186380826732258,-0.6166650440760478,-0.012635316104240962,1.4869800535109818,1
0.759375172260373,-0.7935337144954892,0.8217388912003967,0.4348749429621577,0
-1.5955962639897079,-0.7935337144954892,-0.13779144719993658,1.340854343712534,1
0.7701777935275754,0.09080963760171741,0.13338017017407053,-0.9387067291432521,0
0.8025856573291817,1.3288903305378066,-2.056852124000604,-0.7925810193448043,1
-0.9798468517591821,-0.9704023849149305,0.4879892082785419,-0.06195247035256502,1
1.0834538102764393,-0.9704023849149305,1.1137698637570204,-0.44187931582852946,0
0.5325201256491265,-1.147271055334372,-0.909587588956727,-0.9971570130626312,1
0.7701777935275754,-1.3241397257538132,0.09166145980883879,-0.20807818015101284,1
0.7161646871915643,-0.08605903281772391,-1.1807592063307342,-0.9387067291432521,1
0.5325201256491265,-0.26292770323716524,0.46712985309592564,0.93170235627688,0
0.8133882785963841,-0.26292770323716524,1.1554885741222523,-0.1788530381913234,0
1.547966524766134,0.6214156488600414,-2.3697424517398433,0.08417323944588281,1
1.1914800229484612,0.44454697844060004,0.4254111427306939,1.019377782155949,0
0.8133882785963841,0.2676783080211587,-1.3684934029742777,-0.6172301675866667,1
0.6621515808555534,0.09080963760171741,-0.3463849990260961,-0.7341307354254252,0
0.2624545939690714,0.09080963760171741,1.2389259948527156,-0.06195247035256502,0
-0.1156371503830058,0.7982843192794827,-0.8052908130436472,-0.44187931582852946,1
2.725452242891175,0.975152989698924,7.41073164882378e-16,-0.8218061613044938,0
-0.3965053033302629,0.09080963760171741,-1.8065398618092126,3.854216552245837,0
0.9538223550700128,-1.147271055334372,-0.17951015756516872,-1.1432827228610791,0
0.132823138762645,-1.147271055334372,-0.012635316104240962,1.4285297695916028,0
0.7917830360619798,-0.43979637365660657,0.9677543774787088,-0.8510313032641834,1
1.3211114781548876,1.3288903305378066,1.1554885741222523,-0.44187931582852946,0
0.5757306107179356,-0.08605903281772391,0.5505672738263899,0.7563515045187428,0
1.0510459464748325,-0.6166650440760478,-0.6175566164001036,-0.8218061613044938,0
0.6837568233899577,0.44454697844060004,0.17509888053930267,-0.9679318711029417,1
-0.7421891838807336,-0.7935337144954892,0.3002550116349979,0.17184866532495147,1
0.9754275976044171,0.2676783080211587,1.0511917982091723,-0.03272732839287556,1
0.9430197338028105,-0.9704023849149305,0.6131453393742372,0.2595240912040201,0
0.6189410957867443,-1.5010083961732545,0.09166145980883879,-0.9971570130626312,0
-1.7900434467993478,-0.7935337144954892,1.259785350035332,0.17184866532495147,1
0.8565987636651927,0.44454697844060004,0.8008795360177812,0.31797437512339927,1
-1.4011490811800682,0.7982843192794827,0.3628330771828459,1.2239537758737755,0
-1.023057336827991,-1.5010083961732545,0.2793956564523824,0.025722955526503628,0
0.7701777935275754,1.1520216601183653,1.4683789018614914,-0.20807818015101284,0
-0.612557728674307,-1.147271055334372,-2.3071643861919955,0.3764246590427785,0
0.705362065924362,1.3288903305378066,-0.03349467128685684,1.5746554793900507,1
-1.0014520942935865,0.09080963760171741,-1.7648211514439809,-0.9679318711029417,1
0.38128342790829584,-0.08605903281772391,7.41073164882378e-16,-1.1432827228610791,0
0.17603362383145407,1.3288903305378066,-0.20036951274778458,0.7855766464784323,0
0.9322171125356085,1.3288903305378066,7.41073164882378e-16,0.23029894924433064,1
0.5757306107179356,-0.9704023849149305,-0.3672443542087123,-0.41265417386883985,0
0.9214144912684061,1.8594963417961305,-1.3893527581568936,-0.8510313032641834,0
-1.5307805363864946,-1.147271055334372,-1.1390404959655023,-0.9679318711029417,0
0.9322171125356085,0.7982843192794827,-0.47154113012179205,1.6331057633094297,0
-1.60639888525691,0.2676783080211587,1.259785350035332,-0.03272732839287556,1
0.8133882785963841,0.09080963760171741,-1.326774692609046,-0.5880050256269773,1
0.6837568233899577,-0.7935337144954892,-1.5562275996178214,-0.8510313032641834,1
0.7809804147947773,1.1520216601183653,1.3849414811310279,-0.6756804515060459,0
0.8025856573291817,1.1520216601183653,0.9260356671134764,-0.09117761231225462,0
-1.7792408255321455,1.6826276713766892,-0.09607273683470484,1.5746554793900507,1
-1.6496093703257189,-1.5010083961732545,-1.618805665165669,-1.0556072969820103,1
1.0510459464748325,-0.9704023849149305,0.9260356671134764,0.025722955526503628,1
0.8782040061995975,1.3288903305378066,-0.5758379060348718,2.451409738180738,0
1.0618485677420348,-1.5010083961732545,0.8008795360177812,-0.8510313032641834,0
-0.7313865626135314,-0.7935337144954892,1.5726756777745712,-0.5295547417075981,1
0.759375172260373,-1.5010083961732545,0.8843169567482446,0.17184866532495147,1
0.867401384932395,-1.3241397257538132,0.23767694608715065,1.1362783499947071,1
0.7485725509931707,-0.26292770323716524,0.7591608256525494,0.142623523365262,0
1.0618485677420348,-0.6166650440760478,0.3211143668176142,-0.7049055934657356,1
0.8133882785963841,1.3288903305378066,0.842598246383013,-0.1788530381913234,1
0.6405463383211486,0.975152989698924,0.7174421152873169,-0.7633558773851146,0
1.029440703940428,0.6214156488600414,0.21681759090453442,1.0778280660753279,1
-1.0554652006295977,1.8594963417961305,-1.243337271878582,1.1362783499947071,0
0.15442838129704933,-0.26292770323716524,0.5714266290090054,0.7855766464784323,1
-1.1634914133016196,1.8594963417961305,-2.3071643861919955,4.146467971842733,0
0.5757306107179356,-0.7935337144954892,-1.6605243755309012,-0.8510313032641834,1
-1.239109762172035,0.44454697844060004,0.6757234049220852,0.4641000849218471,1
-1.239109762172035,-0.43979637365660657,0.9051763119308609,0.11339838140557228,0
-1.1742940345688218,-1.3241397257538132,0.3628330771828459,0.4641000849218471,0
0.024796926090622954,2.036365012215572,-0.4506817749391758,-0.8802564452238729,0
-1.6388067490585165,-0.43979637365660657,0.21681759090453442,-0.3834290319091503,1
0.7701777935275754,1.3288903305378066,0.9468950222960927,-0.9387067291432521,0
0.5541253681835313,0.7982843192794827,0.8634576015656291,0.5517755108009158,0
-1.293122868508046,0.975152989698924,0.7383014704699331,0.49332522688153657,1
0.6945594446571597,-1.147271055334372,0.3628330771828459,1.2531789178334651,0
0.9862302188716195,0.975152989698924,0.8634576015656291,-0.9094815871835624,0
2.7038470003567703,-0.43979637365660657,7.41073164882378e-16,-0.3834290319091503,0
-0.612557728674307,0.6214156488600414,0.02908339426099079,0.6394509366799844,0
-1.2175045196376306,2.213233682635013,0.04994274944360667,1.1947286339140861,1
0.8457961423979907,1.8594963417961305,-1.1390404959655023,-0.44187931582852946,0
1.0834538102764393,2.7438396938933374,-0.03349467128685684,0.9901526401962593,0
0.8025856573291817,-0.43979637365660657,0.4254111427306939,0.7271263625590533,1
0.06800741115943201,-0.7935337144954892,0.7174421152873169,0.4348749429621577,0
-1.6388067490585165,0.2676783080211587,0.4879892082785419,-0.44187931582852946,0
0.705362065924362,1.6826276713766892,-1.30591533742643,3.2404885710923557,0
-0.3640974395286564,-0.43979637365660657,1.5100976122267231,-0.5003295997479085,1
0.7377699297259687,0.44454697844060004,1.259785350035332,-0.8510313032641834,0
-1.6172015065241123,0.7982843192794827,0.38369243236546213,0.6979012205993637,1
0.7701777935275754,1.1520216601183653,-0.22122886793040045,1.6038806213497403,0
-0.28847909065824084,-1.147271055334372,-0.42982241975655994,-0.0035021864331859637,0
-0.9042285028887668,-0.7935337144954892,0.7591608256525494,-0.44187931582852946,0
0.6729542021227553,0.2676783080211587,-0.3881037093913282,-0.8802564452238729,1
0.37048080664109345,-1.3241397257538132,0.11252081499145467,-0.7341307354254252,1
-1.0986756856984063,-0.9704023849149305,-0.42982241975655994,-0.9094815871835624,1
0.0031916835562186175,0.2676783080211587,-0.09607273683470484,-0.1788530381913234,0
-0.6017551074071049,-0.43979637365660657,0.842598246383013,0.6102257947202949,1
0.7917830360619798,0.44454697844060004,1.3223634155831798,-0.1204027542719442,1
0.8565987636651927,0.09080963760171741,0.842598246383013,0.3764246590427785,1
0.37048080664109345,-1.3241397257538132,0.04994274944360667,-0.9094815871835624,1
-1.5199779151192925,-0.7935337144954892,-1.4519308237047415,-0.3834290319091503,1
-1.0878730644312042,1.505759000957248,-1.618805665165669,3.5911902746086306,1
0.7485725509931707,0.2676783080211587,7.41073164882378e-16,4.32181882360087,0
0.5649279894507332,-0.43979637365660657,1.4683789018614914,-0.9094815871835624,0
-1.6388067490585165,-0.6166650440760478,-2.7869295553921622,-0.41265417386883985,1
0.6081384745195423,1.3288903305378066,-1.0138843648698066,0.5810006527606055,0
1.1590721591468545,1.505759000957248,0.4254111427306939,-0.5587798836672877,0
-1.498372672584888,0.975152989698924,0.6757234049220852,0.17184866532495147,0
0.8890066274667994,-0.6166650440760478,-0.888728233774111,-0.9679318711029417,0
0.7917830360619798,-0.08605903281772391,0.21681759090453442,1.1947286339140861,1
-1.5739910214553035,-0.08605903281772391,1.1763479293048684,0.40564980100246795,1
-1.7252277191961343,-0.08605903281772391,1.259785350035332,-0.5295547417075981,1
0.1976388663658584,2.213233682635013,-0.47154113012179205,-1.1432827228610791,0
-0.08322928658139911,-0.9704023849149305,-0.8470095234088789,-0.41265417386883985,0
-0.3749000607958586,-1.3241397257538132,0.02908339426099079,1.4285297695916028,1
0.6081384745195423,0.6214156488600414,1.0094730878439406,-0.8510313032641834,0
0.7269673084587663,-0.6166650440760478,-0.42982241975655994,-0.9094815871835624,1
-1.70362247666173,0.975152989698924,-1.326774692609046,3.5619651326489414,0
0.14362576002984737,0.975152989698924,-1.1390404959655023,-0.9387067291432521,1
1.277900993086079,-0.26292770323716524,-2.7660702002095467,0.4641000849218471,0
0.7809804147947773,0.09080963760171741,-2.474039227652923,-0.9094815871835624,1
-1.6820172341273254,1.3288903305378066,-1.5562275996178214,-0.26652846407039205,0
0.9106118700012038,0.2676783080211587,0.2585363012697662,0.93170235627688,1
-1.5631884001881013,-0.7935337144954892,1.0511917982091723,0.23029894924433064,1
0.7917830360619798,-0.26292770323716524,1.1346292189396359,0.142623523365262,1
-1.60639888525691,-0.26292770323716524,0.6131453393742372,1.0778280660753279,1
0.5649279894507332,-0.6166650440760478,-3.099819883131402,-0.6756804515060459,0
-1.4227543237144724,0.7982843192794827,-0.7427127474957992,0.20107380728464092,1
-1.2607150047064395,1.6826276713766892,0.3419737220002304,0.2887492331637098,1
-1.228307140904833,-1.5010083961732545,-0.07521338165208896,0.4641000849218471,1
0.5217175043819245,1.6826276713766892,-2.3488830965572274,-0.9094815871835624,1
0.705362065924362,0.09080963760171741,-1.1807592063307342,-0.8802564452238729,1
-0.23446598432222984,2.213233682635013,-0.7844314578610313,-0.8802564452238729,1
0.7917830360619798,1.1520216601183653,1.259785350035332,1.3116292017528446,0
-1.6820172341273254,1.1520216601183653,0.5505672738263899,-0.09117761231225462,0
0.40288867044270016,-0.08605903281772391,-0.7009940371305674,0.7563515045187428,0
0.9430197338028105,0.2676783080211587,1.1137698637570204,-0.23730332211070243,0
0.16523100256425172,0.2676783080211587,1.1137698637570204,-0.0035021864331859637,1
0.6513489595883509,-0.08605903281772391,-1.4310714685221257,-0.8802564452238729,1
1.3859272057581011,1.505759000957248,1.6143943881398028,-0.7341307354254252,0
0.7917830360619798,-0.26292770323716524,0.21681759090453442,-0.8802564452238729,0
0.9862302188716195,-1.5010083961732545,1.1763479293048684,0.31797437512339927,0
1.5911770098349431,-0.7935337144954892,-0.8261501682262631,2.685210873858254,0
0.16523100256425172,-0.6166650440760478,0.17509888053930267,-0.7633558773851146,1
-0.6665708350103181,1.1520216601183653,0.02908339426099079,-0.26652846407039205,1
-1.8008460680665497,-0.43979637365660657,1.1137698637570204,-0.6172301675866667,0
0.7485725509931707,0.44454697844060004,-0.7635721026784151,-0.9387067291432521,0
0.12202051749544303,0.09080963760171741,-1.0138843648698066,-0.5880050256269773,1
-1.5091752938520901,0.6214156488600414,-1.1598998511481182,-0.8218061613044938,0
0.7809804147947773,1.1520216601183653,-0.888728233774111,-0.8802564452238729,0
0.15442838129704933,0.7982843192794827,-1.6396650203482852,-0.1788530381913234,0
1.7532163288429763,-0.43979637365660657,7.41073164882378e-16,1.2531789178334651,0
0.6189410957867443,1.8594963417961305,-0.7635721026784151,2.539085164059806,0
-1.8008460680665497,0.2676783080211587,-1.243337271878582,-0.8802564452238729,1
-1.1418861707672152,1.3288903305378066,-0.8052908130436472,2.4221845962210478,0
-0.87182063908716,-0.43979637365660657,-2.9955231072183217,0.11339838140557228,0
1.169874780414057,-0.43979637365660657,7.41073164882378e-16,3.4742897067698726,1
0.7701777935275754,-0.9704023849149305,0.9677543774787088,0.17184866532495147,1
0.59733585325234,2.3901023530544547,-1.5145088892525893,3.2112634291326665,0
0.8133882785963841,0.09080963760171741,0.8217388912003967,-0.8510313032641834,0
0.7485725509931707,-1.5010083961732545,-0.6592753267653353,-0.7341307354254252,1
0.4785070193131155,-0.9704023849149305,0.09166145980883879,-0.35420388994946067,0
0.9754275976044171,-0.26292770323716524,0.11252081499145467,0.5225503688412263,1
0.7377699297259687,0.6214156488600414,0.3211143668176142,0.93170235627688,0
-0.1804528779862188,-1.3241397257538132,1.4892382570441076,-0.5587798836672877,1
0.8025856573291817,0.44454697844060004,1.1137698637570204,-0.1496278962316338,0
0.7161646871915643,1.3288903305378066,-0.4089630645739441,-0.9387067291432521,1
0.7809804147947773,1.3288903305378066,0.09166145980883879,-0.44187931582852946,0
0.9646249763372148,1.1520216601183653,-1.0973217856002706,-0.1788530381913234,0
0.8133882785963841,1.6826276713766892,-1.1181811407828866,-0.9387067291432521,0
0.8241908998635864,-0.26292770323716524,-0.7427127474957992,-0.8802564452238729,0
0.1976388663658584,-0.26292770323716524,1.0511917982091723,-0.9094815871835624,0
-0.12643977165020778,0.2676783080211587,0.6965827601047014,0.17184866532495147,0
0.7809804147947773,-0.26292770323716524,-1.3476340477916617,-0.9094815871835624,0
0.7701777935275754,-0.7935337144954892,-1.4519308237047415,0.23029894924433064,1
0.7809804147947773,-0.43979637365660657,-0.6801346819479516,-0.8510313032641834,1
0.8782040061995975,0.7982843192794827,-0.6801346819479516,2.1883834605435317,0
0.9214144912684061,0.44454697844060004,-1.243337271878582,-0.5587798836672877,0
0.6081384745195423,-0.7935337144954892,1.259785350035332,-0.8218061613044938,1
0.8457961423979907,0.44454697844060004,7.41073164882378e-16,0.5517755108009158,0
-1.023057336827991,-0.9704023849149305,0.23767694608715065,0.9609274982365698,0
0.7161646871915643,0.09080963760171741,-1.0973217856002706,-0.9387067291432521,1
0.8241908998635864,1.3288903305378066,-1.1390404959655023,-0.4711044577882191,1
1.0942564315436416,-0.9704023849149305,1.1346292189396359,-0.7633558773851146,0
-1.5307805363864946,0.975152989698924,0.11252081499145467,1.6038806213497403,0
-1.0878730644312042,-0.43979637365660657,-1.4102121133395098,-0.8510313032641834,0
0.9538223550700128,-0.9704023849149305,0.3628330771828459,0.9024772143171906,0
-1.2175045196376306,-0.6166650440760478,0.842598246383013,0.7563515045187428,1
0.7701777935275754,0.44454697844060004,-0.2629475782956326,-0.9094815871835624,0
1.126664295345248,0.09080963760171741,0.15423952535668642,1.1070532080350177,1
-0.9906494730263843,0.44454697844060004,-0.8261501682262631,-0.1788530381913234,0
-1.6388067490585165,1.505759000957248,0.8843169567482446,0.31797437512339927,0
0.9862302188716195,0.7982843192794827,0.9260356671134764,0.34719951708308877,0
0.6837568233899577,-1.5010083961732545,1.0303324430265561,-0.5003295997479085,0
0.9862302188716195,0.2676783080211587,0.9677543774787088,-0.8218061613044938,1
-1.6280041277913144,2.213233682635013,1.3432227707657953,-0.6464553095463564,0
0.7917830360619798,-0.26292770323716524,-1.7022430858961328,-0.9387067291432521,0
0.5433227469163289,-0.6166650440760478,7.41073164882378e-16,0.8732520723575011,0
-1.876464416936965,1.6826276713766892,1.2180666396701,-0.2957536060300816,1
-0.8394127752855535,0.2676783080211587,0.2585363012697662,1.2239537758737755,0
-1.4335569449816747,1.1520216601183653,0.11252081499145467,0.5225503688412263,0
-0.35329481826145426,0.7982843192794827,0.8008795360177812,0.5810006527606055,1
0.7701777935275754,0.09080963760171741,0.23767694608715065,1.019377782155949,0
0.7485725509931707,-0.6166650440760478,-0.6175566164001036,-0.8802564452238729,0
0.867401384932395,0.2676783080211587,-1.1807592063307342,-1.1432827228610791,1
0.46770439804591357,-0.43979637365660657,-0.7844314578610313,-0.8510313032641834,0
-0.1156371503830058,1.1520216601183653,-0.9930250096871909,-0.9387067291432521,0
-0.05082142277979241,1.3288903305378066,0.8217388912003967,0.23029894924433064,0
-0.9474389879575755,-0.6166650440760478,0.46712985309592564,0.9901526401962593,0
-1.7252277191961343,1.505759000957248,-0.8052908130436472,-1.0263821550223209,1
-1.239109762172035,1.6826276713766892,-1.1807592063307342,-0.9094815871835624,1
1.493953418430123,0.09080963760171741,7.41073164882378e-16,-0.41265417386883985,0
0.867401384932395,1.3288903305378066,0.7800201808351649,-0.2957536060300816,0
0.8565987636651927,-0.43979637365660657,-0.4089630645739441,-0.9094815871835624,0
0.8241908998635864,-1.3241397257538132,1.4683789018614914,-0.5003295997479085,0
0.34887556410668913,-0.9704023849149305,0.6965827601047014,0.5517755108009158,1
-1.4011490811800682,1.1520216601183653,0.8008795360177812,0.20107380728464092,1
0.7269673084587663,0.2676783080211587,0.008224039078374913,-0.9679318711029417,0
0.7701777935275754,-0.6166650440760478,0.8843169567482446,-0.0035021864331859637,1
-0.7421891838807336,0.6214156488600414,0.5922859841916217,0.2595240912040201,0
0.8457961423979907,1.6826276713766892,0.842598246383013,0.2595240912040201,1
-1.4011490811800682,0.7982843192794827,-1.0973217856002706,-0.8510313032641834,1
-1.5631884001881013,1.3288903305378066,1.4058008363136434,0.08417323944588281,1
-0.07242666531419675,-0.43979637365660657,0.5505672738263899,0.7855766464784323,1
-1.1634914133016196,1.505759000957248,-1.2016185615133503,-0.35420388994946067,1
0.867401384932395,1.6826276713766892,0.17509888053930267,1.0778280660753279,0
0.6297437170539466,-0.7935337144954892,1.8855660055138104,-0.7633558773851146,1
-1.1418861707672152,2.036365012215572,0.3628330771828459,0.8440269303978114,0
0.59733585325234,-0.6166650440760478,0.2793956564523824,-0.7925810193448043,0
0.5757306107179356,0.2676783080211587,-0.8261501682262631,-0.9971570130626312,0
0.6189410957867443,0.2676783080211587,-0.888728233774111,-0.8510313032641834,1
-1.5847936427225056,-1.3241397257538132,1.1346292189396359,-0.44187931582852946,1
0.024796926090622954,-0.6166650440760478,-0.20036951274778458,-0.6756804515060459,1
0.8890066274667994,1.1520216601183653,-1.0556030752350385,-0.9679318711029417,1
0.6837568233899577,0.09080963760171741,-0.11693209201732072,-0.9387067291432521,1
0.7917830360619798,-1.5010083961732545,0.9468950222960927,-0.09117761231225462,1
0.759375172260373,-0.9704023849149305,0.6965827601047014,0.6686760786396742,0
0.07881003242663398,0.6214156488600414,-0.3046662886608643,-0.8802564452238729,1
-1.1094783069656087,-0.7935337144954892,-0.6175566164001036,0.11339838140557228,0
0.9538223550700128,-1.5010083961732545,0.5714266290090054,-0.8218061613044938,0
0.7701777935275754,1.3288903305378066,-0.9930250096871909,-0.6464553095463564,1
-1.3579385961112593,-0.26292770323716524,7.41073164882378e-16,-1.1432827228610791,0
0.8133882785963841,0.2676783080211587,-0.7635721026784151,-0.1496278962316338,0
1.0402433252076306,-0.26292770323716524,0.38369243236546213,0.7855766464784323,0
0.2300467301674651,0.09080963760171741,7.41073164882378e-16,4.292593681641181,0
-0.8934258816215646,1.505759000957248,-1.1181811407828866,-0.03272732839287556,1
-1.5091752938520901,0.2676783080211587,-1.0764624304176542,-0.8218061613044938,1
0.9754275976044171,-1.3241397257538132,0.2793956564523824,0.8732520723575011,1
0.6081384745195423,-1.147271055334372,0.6757234049220852,-0.9094815871835624,1
0.46770439804591357,-0.9704023849149305,-0.909587588956727,-0.6464553095463564,0
-1.5199779151192925,0.44454697844060004,-0.3046662886608643,-0.2957536060300816,0
0.16523100256425172,-1.147271055334372,1.0303324430265561,0.2887492331637098,1
1.1050590528108435,1.1520216601183653,-1.3684934029742777,-0.8802564452238729,1
0.867401384932395,0.2676783080211587,-0.47154113012179205,-0.9679318711029417,0
0.7485725509931707,-0.43979637365660657,-1.743961796261365,-0.9094815871835624,1
0.9646249763372148,-0.7935337144954892,1.0511917982091723,-0.7633558773851146,0
-1.6712146128601233,-0.9704023849149305,1.0094730878439406,0.2595240912040201,1
0.8565987636651927,1.6826276713766892,-1.743961796261365,3.7665411263667683,1
0.8133882785963841,-1.5010083961732545,-0.5549785508522556,-0.41265417386883985,0
0.6837568233899577,-1.147271055334372,-0.8261501682262631,-0.8802564452238729,1
0.5325201256491265,-0.26292770323716524,-0.6801346819479516,-1.0263821550223209,1
0.5325201256491265,0.975152989698924,1.259785350035332,-0.9094815871835624,1
-1.822451310600954,0.2676783080211587,1.6561130985050347,-0.6172301675866667,1
-1.7792408255321455,0.44454697844060004,1.3015040604005637,0.20107380728464092,0
-1.5739910214553035,0.2676783080211587,0.4254111427306939,0.8732520723575011,0
0.8025856573291817,-0.7935337144954892,1.1346292189396359,-0.0035021864331859637,0
1.0834538102764393,-0.7935337144954892,1.0303324430265561,-0.9094815871835624,0
0.5325201256491265,0.7982843192794827,-0.9513062993219586,-0.9094815871835624,0
-0.6881760775447227,0.44454697844060004,1.0303324430265561,-0.5587798836672877,1
-1.7252277191961343,-0.6166650440760478,0.3211143668176142,0.93170235627688,1
0.2948624577706781,-0.6166650440760478,-0.9513062993219586,-0.9679318711029417,0
0.14362576002984737,0.7982843192794827,-0.11693209201732072,-0.23730332211070243,0
0.8349935211307884,1.505759000957248,1.6352537433224192,-0.8510313032641834,0
-1.6496093703257189,-0.7935337144954892,-0.4506817749391758,-0.9679318711029417,1
0.9322171125356085,0.2676783080211587,-0.5966972612174877,-0.9679318711029417,0
0.37048080664109345,1.505759000957248,0.6757234049220852,0.6102257947202949,0
-1.4551621875160792,0.6214156488600414,-1.4519308237047415,-0.06195247035256502,1
-1.4119517024472703,-0.26292770323716524,-0.888728233774111,-0.3249787479897712,0
0.2300467301674651,-0.08605903281772391,0.23767694608715065,-0.41265417386883985,1
1.0942564315436416,-1.3241397257538132,1.197207284487484,-0.6172301675866667,1
0.9322171125356085,0.975152989698924,-0.054354026469473085,-1.1432827228610791,1
1.1050590528108435,0.44454697844060004,0.3419737220002304,0.9609274982365698,1
-1.293122868508046,1.505759000957248,-1.1807592063307342,-0.2957536060300816,0
-1.5307805363864946,1.505759000957248,0.3419737220002304,-0.26652846407039205,1
1.2562957505516748,0.7982843192794827,-2.7660702002095467,-0.9387067291432521,0
-0.38570268206306074,0.2676783080211587,-2.974663752035706,-0.8510313032641834,0
0.6837568233899577,-1.5010083961732545,0.3419737220002304,-0.09117761231225462,0
-1.7468329617305387,2.3901023530544547,0.6548640497394697,0.5517755108009158,1
-1.228307140904833,-1.3241397257538132,0.3002550116349979,1.7207811891884985,0
-0.06162404404699477,-1.147271055334372,0.842598246383013,0.2887492331637098,0
0.7701777935275754,1.505759000957248,1.3640821259484117,-0.09117761231225462,0
-0.5369393798038917,-0.26292770323716524,0.7383014704699331,0.49332522688153657,1
-0.3316895757270497,0.2676783080211587,0.7174421152873169,0.5225503688412263,1
-1.541583157653697,-0.08605903281772391,0.19595823572191853,-0.9971570130626312,1
0.8565987636651927,0.2676783080211587,-0.09607273683470484,1.6915560472288085,0
1.1050590528108435,-0.6166650440760478,-2.7034921346616985,-0.3249787479897712,0
0.5325201256491265,0.44454697844060004,0.7383014704699331,-0.8802564452238729,1
-0.6881760775447227,-1.3241397257538132,0.04994274944360667,-0.03272732839287556,0
-1.4335569449816747,1.1520216601183653,-0.9304469441393428,2.1883834605435317,1
0.8025856573291817,-1.147271055334372,-0.03349467128685684,-0.9094815871835624,0
0.9106118700012038,-1.147271055334372,-0.9721656545045746,0.2595240912040201,0
0.8133882785963841,-0.43979637365660657,-0.3255256438434802,-0.9094815871835624,0
0.7377699297259687,-0.43979637365660657,7.41073164882378e-16,-0.6756804515060459,1
1.126664295345248,0.7982843192794827,-1.326774692609046,3.2112634291326665,1
-1.3579385961112593,-1.5010083961732545,1.8647066503311942,-0.9094815871835624,1
0.7377699297259687,0.7982843192794827,-0.7218533923131834,-0.9387067291432521,0
-1.077070443164002,-0.26292770323716524,0.6757234049220852,0.7271263625590533,0
-1.5631884001881013,-0.26292770323716524,1.0511917982091723,0.142623523365262,1
-1.541583157653697,-1.5010083961732545,1.3640821259484117,0.025722955526503628,1
0.867401384932395,-1.3241397257538132,-0.7844314578610313,-0.5880050256269773,0
-1.60639888525691,-0.08605903281772391,7.41073164882378e-16,-0.44187931582852946,0
-1.131083549500013,0.7982843192794827,0.6965827601047014,-1.1432827228610791,1
-1.5739910214553035,-0.08605903281772391,-0.7427127474957992,-0.6756804515060459,0
0.8025856573291817,-0.6166650440760478,-1.7856805066265966,-0.5880050256269773,0
1.0942564315436416,-1.147271055334372,1.4266601914962596,-0.7925810193448043,0
0.6081384745195423,0.2676783080211587,0.21681759090453442,-0.44187931582852946,0
1.0510459464748325,-0.43979637365660657,0.842598246383013,0.08417323944588281,0
-0.5693472436054984,0.2676783080211587,0.6340046945568534,-0.5295547417075981,0
0.9538223550700128,-0.9704023849149305,0.9886137326613244,-0.9387067291432521,1
0.9646249763372148,-1.5010083961732545,0.5505672738263899,-0.9094815871835624,1
-1.3687412173784614,0.975152989698924,-1.30591533742643,-0.1788530381913234,0
-1.5631884001881013,0.2676783080211587,-1.9316959929049085,1.1655034919543967,1
-1.7468329617305387,-0.6166650440760478,0.04994274944360667,1.1655034919543967,1
1.126664295345248,-1.5010083961732545,0.9677543774787088,0.08417323944588281,0
-1.541583157653697,-1.147271055334372,-0.11693209201732072,-0.8802564452238729,1
0.6945594446571597,-0.6166650440760478,1.2180666396701,-0.6756804515060459,1
-0.6449655924759138,-1.5010083961732545,0.5505672738263899,0.8440269303978114,1
0.705362065924362,1.3288903305378066,-0.3463849990260961,-0.9387067291432521,1
0.6729542021227553,-0.08605903281772391,-0.6801346819479516,-0.4711044577882191,1
-0.05082142277979241,-1.3241397257538132,0.5922859841916217,0.5517755108009158,0
0.6729542021227553,-1.3241397257538132,0.5922859841916217,0.49332522688153657,1
0.3164677003050824,0.975152989698924,0.6548640497394697,-0.23730332211070243,1
-0.9906494730263843,2.566971023473896,-0.47154113012179205,2.363734312301669,1
-1.4767674300504836,-0.9704023849149305,-0.8261501682262631,-0.6756804515060459,0
0.06800741115943201,-0.7935337144954892,0.3211143668176142,0.8440269303978114,1
0.5001122618475202,-1.147271055334372,0.842598246383013,0.49332522688153657,1
-1.0662678218967998,-0.9704023849149305,1.739550519235499,-0.8802564452238729,1
0.33807294283948713,-0.43979637365660657,0.5505672738263899,0.814801788438122,1
-1.1742940345688218,-0.43979637365660657,0.19595823572191853,0.5225503688412263,1
0.8025856573291817,-0.7935337144954892,-0.8678688785914949,-0.9679318711029417,0
-1.6388067490585165,0.6214156488600414,-0.07521338165208896,-0.0035021864331859637,0
0.5757306107179356,0.6214156488600414,1.3015040604005637,-0.7925810193448043,1
-1.5955962639897079,2.3901023530544547,0.842598246383013,-0.2957536060300816,1
0.46770439804591357,-1.147271055334372,-0.3672443542087123,-0.9387067291432521,1
0.7269673084587663,1.6826276713766892,-0.7009940371305674,-0.9094815871835624,0
-1.70362247666173,0.6214156488600414,0.17509888053930267,0.9901526401962593,1
-1.0446625793623954,-0.7935337144954892,0.9051763119308609,0.49332522688153657,1
1.2022826442156636,-1.5010083961732545,0.46712985309592564,0.6979012205993637,1
-1.811648689333752,-0.26292770323716524,0.21681759090453442,-0.8510313032641834,0
-0.8826232603543622,-0.6166650440760478,-1.4519308237047415,0.3764246590427785,0
0.5649279894507332,-0.26292770323716524,0.17509888053930267,1.2239537758737755,1
1.0078354614060239,-0.7935337144954892,0.6548640497394697,0.6979012205993637,0
-0.5693472436054984,0.44454697844060004,-1.1598998511481182,-0.5003295997479085,1
0.867401384932395,-0.26292770323716524,0.5505672738263899,-0.9387067291432521,0
-1.336333353576855,-1.147271055334372,0.7591608256525494,-0.0035021864331859637,0
0.7485725509931707,-1.3241397257538132,0.5297079186437736,-0.8510313032641834,1
1.0510459464748325,-0.26292770323716524,0.7174421152873169,0.4348749429621577,1
-1.5631884001881013,-1.147271055334372,1.8855660055138104,-1.1432827228610791,1
-1.757635582997741,-0.43979637365660657,1.2389259948527156,-0.5587798836672877,1
-0.8286101540183511,-1.3241397257538132,0.3002550116349979,0.93170235627688,1
1.0618485677420348,-0.08605903281772391,-2.453179872470307,-0.03272732839287556,1
-1.6172015065241123,-1.5010083961732545,0.21681759090453442,1.2531789178334651,0
-1.2715176259736418,-0.7935337144954892,0.9260356671134764,0.6979012205993637,1
-0.6881760775447227,1.6826276713766892,-0.03349467128685684,1.662330905269119,1
-1.552385778920899,-0.08605903281772391,0.9260356671134764,-0.8218061613044938,1
-1.498372672584888,-0.9704023849149305,1.4683789018614914,-0.6172301675866667,1
0.38128342790829584,-1.5010083961732545,-0.17951015756516872,-0.4711044577882191,1
0.8241908998635864,-0.9704023849149305,1.2806447052179482,-0.9387067291432521,0
0.16523100256425172,-0.08605903281772391,0.4879892082785419,0.8440269303978114,1
0.8565987636651927,-0.9704023849149305,-1.30591533742643,-0.8510313032641834,1
-0.7313865626135314,0.7982843192794827,0.008224039078374913,-1.1432827228610791,0
0.8565987636651927,0.09080963760171741,0.9051763119308609,0.2595240912040201,1
-0.9150311241559689,1.505759000957248,0.04994274944360667,1.282404059793155,1
-0.6773734562775204,0.7982843192794827,-0.8261501682262631,-0.4711044577882191,1
-1.5199779151192925,2.213233682635013,0.8217388912003967,-0.9387067291432521,1
0.7701777935275754,-1.3241397257538132,0.17509888053930267,1.1947286339140861,0
0.705362065924362,-0.26292770323716524,0.842598246383013,-0.7925810193448043,1
-0.6341629712087116,0.6214156488600414,0.008224039078374913,-1.1432827228610791,0
0.7917830360619798,-0.6166650440760478,0.6757234049220852,0.5810006527606055,1
1.2022826442156636,1.3288903305378066,-0.9304469441393428,1.4869800535109818,0
-1.5307805363864946,-0.9704023849149305,-0.6592753267653353,-0.8510313032641834,0
0.7377699297259687,0.09080963760171741,0.842598246383013,-0.23730332211070243,0
0.8133882785963841,0.09080963760171741,1.4683789018614914,-0.9679318711029417,0
0.5109148831147222,-1.147271055334372,-0.4506817749391758,-0.7925810193448043,1
0.8025856573291817,0.44454697844060004,0.21681759090453442,-0.9387067291432521,0
1.1050590528108435,-0.08605903281772391,-2.07771147918322,-0.4711044577882191,0
0.2624545939690714,0.7982843192794827,0.5297079186437736,0.814801788438122,0
0.4785070193131155,-1.5010083961732545,0.5505672738263899,0.814801788438122,1
-1.3579385961112593,1.505759000957248,-2.2654456758267636,-0.1788530381913234,1
0.8890066274667994,-1.147271055334372,0.842598246383013,-0.5880050256269773,0
1.0510459464748325,-0.7935337144954892,0.21681759090453442,-0.9971570130626312,0
-1.487570051317686,-0.9704023849149305,0.9886137326613244,-0.7633558773851146,1
1.1914800229484612,-0.08605903281772391,0.02908339426099079,0.7855766464784323,0
-1.1742940345688218,0.975152989698924,0.11252081499145467,0.93170235627688,0
-1.1418861707672152,-1.3241397257538132,0.3628330771828459,0.93170235627688,1
-1.3903464599128659,0.44454697844060004,-0.5341191956696397,0.08417323944588281,1
-1.0986756856984063,-0.9704023849149305,0.46712985309592564,0.4641000849218471,1
-1.6280041277913144,0.2676783080211587,0.04994274944360667,-0.9387067291432521,1
-1.131083549500013,-1.3241397257538132,0.6965827601047014,0.5517755108009158,1
-1.8440565531353588,0.6214156488600414,0.9677543774787088,-0.5587798836672877,1
0.8025856573291817,0.7982843192794827,1.1554885741222523,-0.5880050256269773,1
-0.9582416092247777,-0.6166650440760478,-0.5549785508522556,-0.3249787479897712,0
-0.558544622338296,0.2676783080211587,0.44627049791331014,-0.35420388994946067,0
0.2948624577706781,0.44454697844060004,-0.5132598404870238,-0.9679318711029417,0
-1.757635582997741,-0.6166650440760478,0.9677543774787088,-0.8802564452238729,1
-1.0878730644312042,-1.3241397257538132,-0.13779144719993658,-0.41265417386883985,0
-1.6820172341273254,-0.7935337144954892,0.23767694608715065,0.9609274982365698,0
-1.2175045196376306,-0.43979637365660657,0.40455178754807763,0.7563515045187428,0
-0.96904423049198,-0.08605903281772391,0.5505672738263899,0.8732520723575011,0
-1.239109762172035,0.6214156488600414,-0.3255256438434802,0.34719951708308877,1
0.07881003242663398,-1.147271055334372,0.6965827601047014,0.11339838140557228,0
0.5001122618475202,0.44454697844060004,-0.9304469441393428,-0.9387067291432521,0
-1.3471359748440572,1.6826276713766892,-0.42982241975655994,-0.2957536060300816,0
-0.817807532751149,0.09080963760171741,0.7800201808351649,0.40564980100246795,0
0.8998092487340018,0.09080963760171741,7.41073164882378e-16,3.152813145213287,0
0.6513489595883509,-0.08605903281772391,0.7383014704699331,0.5517755108009158,0
0.7917830360619798,-0.43979637365660657,1.4266601914962596,-0.8802564452238729,0
0.7377699297259687,-0.43979637365660657,-1.0764624304176542,0.142623523365262,1
-0.10483452911580345,0.09080963760171741,0.4879892082785419,0.93170235627688,0
1.2995062356204834,-0.9704023849149305,-1.9108366377222923,-1.1140575809013895,1
0.8998092487340018,-0.43979637365660657,-2.474039227652923,-0.9094815871835624,1
0.7485725509931707,-1.3241397257538132,0.19595823572191853,-0.8802564452238729,0
0.17603362383145407,-1.5010083961732545,1.0511917982091723,-0.7925810193448043,0
-1.6280041277913144,0.2676783080211587,-0.6592753267653353,-0.9387067291432521,1
1.0618485677420348,0.6214156488600414,0.6340046945568534,-0.8218061613044938,1
-1.4119517024472703,-1.3241397257538132,-0.3046662886608643,-0.9094815871835624,0
0.38128342790829584,0.7982843192794827,-1.723102441078749,1.6915560472288085,0
0.8890066274667994,-1.3241397257538132,1.259785350035332,-0.41265417386883985,0
0.8998092487340018,-0.08605903281772391,-1.30591533742643,-0.3249787479897712,0
0.6297437170539466,-0.26292770323716524,-0.909587588956727,-0.9387067291432521,0
0.9754275976044171,-1.147271055334372,1.0511917982091723,0.025722955526503628,0
0.6945594446571597,-0.43979637365660657,-0.3672443542087123,-0.8802564452238729,0
-1.4011490811800682,-0.6166650440760478,-0.8470095234088789,-0.9094815871835624,1
0.17603362383145407,1.505759000957248,0.8217388912003967,0.40564980100246795,0
1.1158616740780458,-1.147271055334372,0.9260356671134764,-0.6464553095463564,0
0.10041527496103832,-0.9704023849149305,0.6548640497394697,0.49332522688153657,0
-1.541583157653697,0.975152989698924,-1.5145088892525893,1.2531789178334651,1
-0.8286101540183511,0.44454697844060004,-1.4727901788873574,0.31797437512339927,1
-1.541583157653697,0.09080963760171741,1.4266601914962596,-0.7049055934657356,1
-1.1634914133016196,-0.9704023849149305,0.842598246383013,0.31797437512339927,1
-1.7252277191961343,0.09080963760171741,0.2793956564523824,1.0778280660753279,1
0.8133882785963841,1.505759000957248,-0.15865080238255283,1.8376817570272563,1
-1.8008460680665497,0.7982843192794827,1.0720511533917887,-0.4711044577882191,1
-0.07242666531419675,0.2676783080211587,-1.2016185615133503,0.31797437512339927,1
0.8025856573291817,-1.147271055334372,0.7174421152873169,0.5517755108009158,1
-1.1202809282328108,-1.5010083961732545,0.9051763119308609,0.31797437512339927,0
1.277900993086079,-1.147271055334372,1.1137698637570204,0.08417323944588281,0
0.8241908998635864,-0.6166650440760478,-2.494898582835539,-0.7049055934657356,0
0.25165197270186945,1.8594963417961305,0.3211143668176142,1.1947286339140861,0
0.7917830360619798,2.3901023530544547,-1.0556030752350385,0.23029894924433064,0
-0.15884763545181446,0.975152989698924,-0.22122886793040045,-0.1496278962316338,0
0.7809804147947773,-0.9704023849149305,0.8843169567482446,-0.7049055934657356,0
-0.22366336305502768,-0.26292770323716524,1.1763479293048684,-0.9094815871835624,1
-1.4011490811800682,1.3288903305378066,-1.9316959929049085,4.234143397721801,1
-1.5847936427225056,0.2676783080211587,-0.2629475782956326,-0.9094815871835624,1
0.4460991555115092,-0.08605903281772391,0.7174421152873169,0.6102257947202949,0
-0.709781320079127,-1.5010083961732545,0.40455178754807763,-0.41265417386883985,1
0.6189410957867443,0.6214156488600414,0.8217388912003967,-0.7925810193448043,0
-0.6665708350103181,0.975152989698924,0.7383014704699331,0.08417323944588281,1
0.7161646871915643,-0.9704023849149305,0.5505672738263899,-0.9094815871835624,0
-1.7468329617305387,0.6214156488600414,0.8634576015656291,-0.3834290319091503,1
-0.8610180178199579,2.213233682635013,-1.743961796261365,-0.9387067291432521,1
0.8565987636651927,-1.3241397257538132,-1.2016185615133503,-0.5880050256269773,0
-1.768438204264943,-1.147271055334372,1.2806447052179482,-0.6172301675866667,1
0.8133882785963841,0.7982843192794827,0.008224039078374913,-0.8802564452238729,1
-1.4011490811800682,0.2676783080211587,7.41073164882378e-16,-0.7049055934657356,1
0.8457961423979907,0.6214156488600414,-0.9930250096871909,-0.8802564452238729,0
0.759375172260373,-0.9704023849149305,-1.8691179273570606,-0.6464553095463564,0
0.9214144912684061,0.975152989698924,7.41073164882378e-16,-0.2957536060300816,1
1.0618485677420348,2.9207083643127785,0.07080210462622291,1.399304627631913,1
-0.9906494730263843,0.44454697844060004,0.6340046945568534,0.3764246590427785,0
0.8998092487340018,-0.7935337144954892,1.259785350035332,-0.3249787479897712,0
-1.3471359748440572,-0.43979637365660657,-0.3881037093913282,-0.6464553095463564,0
-1.2499123834392372,-0.26292770323716524,0.3628330771828459,-0.1204027542719442,1
-1.5955962639897079,-1.3241397257538132,0.9051763119308609,0.11339838140557228,0
-0.9798468517591821,-0.08605903281772391,-0.49240048530440794,-0.8510313032641834,1
-0.8934258816215646,0.44454697844060004,0.38369243236546213,1.1070532080350177,1
0.5217175043819245,-0.43979637365660657,1.5726756777745712,-0.9387067291432521,0
0.14362576002984737,-1.147271055334372,0.17509888053930267,-0.4711044577882191,1
-1.757635582997741,0.6214156488600414,0.6548640497394697,0.7563515045187428,1
0.7377699297259687,1.3288903305378066,1.2389259948527156,-0.0035021864331859637,1
0.6081384745195423,-0.43979637365660657,-2.07771147918322,-0.9679318711029417,1
-0.96904423049198,0.6214156488600414,-1.7856805066265966,0.3764246590427785,0
-0.7853996689495425,-1.147271055334372,0.7174421152873169,0.5517755108009158,0
0.5865332319851376,1.1520216601183653,-0.8470095234088789,-0.9387067291432521,1
-1.3903464599128659,-0.6166650440760478,0.5505672738263899,0.7855766464784323,1
0.8890066274667994,0.44454697844060004,-0.6175566164001036,-0.8802564452238729,0
0.5865332319851376,-0.26292770323716524,-1.2016185615133503,-0.8802564452238729,1
0.8133882785963841,-0.9704023849149305,0.8217388912003967,0.2887492331637098,1
0.46770439804591357,0.44454697844060004,0.6548640497394697,0.6979012205993637,0
0.14362576002984737,0.975152989698924,-1.6396650203482852,-0.4711044577882191,0
1.0618485677420348,-0.43979637365660657,0.44627049791331014,0.7855766464784323,0
0.759375172260373,-0.43979637365660657,1.0511917982091723,-0.6756804515060459,1
2.196123800798266,1.6826276713766892,7.41073164882378e-16,-0.23730332211070243,0
0.8349935211307884,-1.147271055334372,0.8008795360177812,0.2887492331637098,1
-1.757635582997741,-0.43979637365660657,-0.6175566164001036,-0.8218061613044938,1
0.9646249763372148,0.44454697844060004,0.6548640497394697,0.6102257947202949,0
0.4893096405803179,2.036365012215572,0.46712985309592564,-0.9094815871835624,0
1.0402433252076306,0.975152989698924,7.41073164882378e-16,0.49332522688153657,1
-1.0986756856984063,2.213233682635013,-1.8482585721744447,3.883441694205526,0
0.6837568233899577,-1.3241397257538132,0.07080210462622291,1.808456615067567,1
0.7701777935275754,0.6214156488600414,1.5100976122267231,-0.6172301675866667,1
-0.8610180178199579,-0.26292770323716524,0.4879892082785419,0.7563515045187428,1
0.8133882785963841,0.2676783080211587,0.7383014704699331,0.5225503688412263,0
0.9430197338028105,-0.43979637365660657,-0.15865080238255283,1.5454303374303608,1
-1.2607150047064395,-0.08605903281772391,1.1346292189396359,-0.1788530381913234,0
-0.09403190784860108,-1.147271055334372,-2.3280237413746114,0.9901526401962593,0
0.8349935211307884,-0.43979637365660657,0.5505672738263899,0.11339838140557228,1
-1.0554652006295977,-0.08605903281772391,-0.7844314578610313,0.93170235627688,0
0.9322171125356085,-1.3241397257538132,-0.8261501682262631,-0.44187931582852946,0
-0.8502153965527557,0.44454697844060004,-0.3463849990260961,1.750006331148188,0
-0.1480450141846121,-1.147271055334372,0.9051763119308609,-0.7049055934657356,1
0.6945594446571597,0.7982843192794827,0.4254111427306939,-0.9094815871835624,0
-1.7360303404633366,-0.26292770323716524,0.07080210462622291,-0.35420388994946067,1
-0.32088695445984755,-0.9704023849149305,0.07080210462622291,-0.9094815871835624,0
0.8025856573291817,-1.5010083961732545,0.7383014704699331,-0.8510313032641834,0
0.132823138762645,-1.147271055334372,0.8008795360177812,0.6102257947202949,1
-1.487570051317686,0.44454697844060004,0.4254111427306939,-0.7633558773851146,0
0.11121789622824067,2.213233682635013,-0.6175566164001036,-0.2957536060300816,1
0.37048080664109345,-0.7935337144954892,0.09166145980883879,-0.20807818015101284,0
0.16523100256425172,-0.08605903281772391,0.9260356671134764,0.5810006527606055,1
0.7269673084587663,0.6214156488600414,-1.9108366377222923,-0.8510313032641834,0
0.9430197338028105,-1.5010083961732545,1.2806447052179482,-0.0035021864331859637,0
0.7269673084587663,1.3288903305378066,-0.6175566164001036,1.8376817570272563,0
0.03559954735782531,-1.3241397257538132,0.6340046945568534,0.5517755108009158,1
0.5649279894507332,-0.08605903281772391,-2.2445863206441476,-0.9094815871835624,1
0.8025856573291817,-0.9704023849149305,-1.9734147032701403,-0.9387067291432521,1
0.5865332319851376,-1.3241397257538132,-1.3476340477916617,-0.9679318711029417,0
-1.7360303404633366,-0.43979637365660657,0.11252081499145467,0.5810006527606055,1
-1.7468329617305387,1.505759000957248,-1.9525553480875244,-0.1204027542719442,0
0.03559954735782531,0.09080963760171741,-0.17951015756516872,1.7792314731078775,0
-1.3903464599128659,-1.5010083961732545,-1.5562275996178214,-0.9387067291432521,1
0.7377699297259687,2.3901023530544547,-2.7034921346616985,-0.23730332211070243,0
0.867401384932395,-1.3241397257538132,0.8843169567482446,0.31797437512339927,1
0.759375172260373,-0.08605903281772391,1.0929105085744042,-0.5880050256269773,0
-1.3795438386456638,0.09080963760171741,-0.47154113012179205,0.08417323944588281,1
-1.498372672584888,-0.6166650440760478,-0.6592753267653353,-0.9387067291432521,1
-1.6172015065241123,-0.26292770323716524,0.5088485634611574,0.6394509366799844,1
0.7161646871915643,1.505759000957248,-2.1820082550963,-0.8510313032641834,0
0.705362065924362,-0.9704023849149305,-0.6592753267653353,-0.9387067291432521,0
1.0618485677420348,0.44454697844060004,0.8634576015656291,0.054948097486193094,0
-0.5153341372694873,0.2676783080211587,0.5088485634611574,0.6979012205993637,0
-0.4289131671318696,-0.08605903281772391,0.5088485634611574,0.814801788438122,1
-0.08322928658139911,-1.5010083961732545,-1.1181811407828866,-0.8802564452238729,0
0.867401384932395,-1.5010083961732545,0.4254111427306939,-0.7341307354254252,1
0.7485725509931707,-0.08605903281772391,7.41073164882378e-16,1.019377782155949,0
-1.6712146128601233,0.44454697844060004,0.5505672738263899,-0.2957536060300816,0
0.24084935143466707,0.44454697844060004,7.41073164882378e-16,4.96477194671404,0
-0.9582416092247777,0.2676783080211587,0.8843169567482446,0.34719951708308877,1
-1.1526887920344173,-1.147271055334372,1.4058008363136434,-0.7633558773851146,0
-0.41811054586466745,0.09080963760171741,-2.515757938018155,0.17184866532495147,1
-1.7900434467993478,-1.5010083961732545,0.5922859841916217,-0.9094815871835624,1
-1.0554652006295977,-1.147271055334372,-1.1598998511481182,-0.5587798836672877,1
1.0078354614060239,0.6214156488600414,0.5088485634611574,-0.7925810193448043,1
1.1158616740780458,2.036365012215572,-1.0347437200524225,-0.9387067291432521,1
0.38128342790829584,-0.26292770323716524,-1.0138843648698066,0.3764246590427785,0
1.342716720689292,-1.3241397257538132,0.38369243236546213,1.1947286339140861,0
-1.444359566248877,0.7982843192794827,7.41073164882378e-16,3.503514848729562,0
0.867401384932395,-0.43979637365660657,0.4254111427306939,0.814801788438122,0
-0.6017551074071049,-0.08605903281772391,0.4879892082785419,0.7855766464784323,0
0.2624545939690714,-0.43979637365660657,-1.2224779166959663,-0.6756804515060459,0
0.8998092487340018,0.975152989698924,1.5935350329571873,-0.5587798836672877,0
0.7917830360619798,0.7982843192794827,-1.4310714685221257,-0.6172301675866667,0
-0.96904423049198,-0.26292770323716524,-0.4089630645739441,-0.9679318711029417,1
0.7917830360619798,-1.147271055334372,-0.5132598404870238,-0.6756804515060459,0
0.24084935143466707,-1.3241397257538132,-0.13779144719993658,-0.3249787479897712,1
0.6297437170539466,1.1520216601183653,1.1554885741222523,-1.1432827228610791,1
0.6405463383211486,-1.147271055334372,0.842598246383013,0.4641000849218471,0
-0.6341629712087116,-0.6166650440760478,0.09166145980883879,0.9609274982365698,0
-1.541583157653697,-0.6166650440760478,0.8634576015656291,-0.20807818015101284,1
0.8890066274667994,-0.08605903281772391,-0.5758379060348718,0.4348749429621577,1
0.9322171125356085,-0.26292770323716524,0.6340046945568534,-0.9387067291432521,1
0.24084935143466707,-1.147271055334372,0.5922859841916217,0.20107380728464092,0
0.6837568233899577,0.09080963760171741,0.8008795360177812,-0.7925810193448043,0
0.7377699297259687,-0.6166650440760478,0.8634576015656291,-0.5003295997479085,1
0.5541253681835313,0.09080963760171741,-2.891226331305242,-0.8802564452238729,1
0.7809804147947773,0.09080963760171741,0.3002550116349979,0.9609274982365698,1
1.0942564315436416,-0.08605903281772391,0.6548640497394697,0.054948097486193094,1
0.867401384932395,-1.5010083961732545,0.8217388912003967,-0.6756804515060459,1
-0.9798468517591821,-0.43979637365660657,-0.03349467128685684,1.3116292017528446,1
0.867401384932395,0.44454697844060004,-0.20036951274778458,-0.9094815871835624,0
-1.131083549500013,-1.3241397257538132,-0.4089630645739441,-0.44187931582852946,1
0.7701777935275754,-0.6166650440760478,0.6548640497394697,-0.6756804515060459,0
0.4569017767787112,0.09080963760171741,-0.5966972612174877,-0.9387067291432521,0
0.2732572152362738,0.7982843192794827,-0.4089630645739441,2.013032608785394,0
1.0834538102764393,-0.9704023849149305,0.7383014704699331,-0.1496278962316338,1
-1.5847936427225056,0.7982843192794827,1.697831808870267,-0.8802564452238729,1
-1.6604119915929212,-1.147271055334372,-0.7009940371305674,-0.9679318711029417,1
-1.1634914133016196,-0.6166650440760478,0.38369243236546213,0.9901526401962593,1
0.7485725509931707,-0.6166650440760478,0.4879892082785419,0.4641000849218471,0
-1.70362247666173,-1.147271055334372,1.1137698637570204,-0.44187931582852946,1
0.8349935211307884,0.44454697844060004,-1.243337271878582,-0.9387067291432521,1
-1.7360303404633366,0.44454697844060004,-1.3476340477916617,-0.9094815871835624,1
-1.4767674300504836,1.1520216601183653,1.3640821259484117,-0.8510313032641834,1
-0.7529918051479358,-0.26292770323716524,0.21681759090453442,1.282404059793155,0
0.8998092487340018,0.09080963760171741,1.8855660055138104,-0.26652846407039205,0
-1.2175045196376306,-0.43979637365660657,-0.6175566164001036,0.17184866532495147,1
-1.3795438386456638,0.2676783080211587,0.04994274944360667,1.6331057633094297,0
1.2130852654828657,1.505759000957248,-0.4506817749391758,0.3764246590427785,1
0.8025856573291817,-0.6166650440760478,0.15423952535668642,-0.03272732839287556,0
0.2300467301674651,-0.7935337144954892,-0.6592753267653353,-0.44187931582852946,1
0.25165197270186945,-1.147271055334372,-1.0764624304176542,-0.8218061613044938,0
-1.0878730644312042,0.6214156488600414,-0.5966972612174877,-0.3249787479897712,0
0.8025856573291817,1.1520216601183653,0.21681759090453442,0.17184866532495147,0
0.8349935211307884,-1.5010083961732545,0.7174421152873169,0.6394509366799844,0
0.6081384745195423,0.44454697844060004,0.6548640497394697,-0.9094815871835624,1
-1.3903464599128659,0.2676783080211587,-0.2838069334782485,1.9253571829063254,1
-1.3255307323096528,-1.5010083961732545,-0.4506817749391758,-0.41265417386883985,1
0.867401384932395,1.1520216601183653,-1.264196627061198,0.08417323944588281,0
-1.185096655836024,0.7982843192794827,-2.474039227652923,1.399304627631913,1
0.6189410957867443,0.09080963760171741,-1.243337271878582,-0.9094815871835624,0
-0.6557682137431159,-0.7935337144954892,0.2793956564523824,0.5225503688412263,1
0.8890066274667994,-1.5010083961732545,-0.4506817749391758,-0.9387067291432521,0
0.9862302188716195,0.7982843192794827,0.21681759090453442,1.340854343712534,1
-1.228307140904833,-0.43979637365660657,0.8634576015656291,0.49332522688153657,0
0.7485725509931707,0.6214156488600414,-1.4519308237047415,-0.6464553095463564,0
1.0942564315436416,-1.3241397257538132,0.8843169567482446,-0.9387067291432521,1
0.3596781853738915,-1.5010083961732545,0.6340046945568534,0.142623523365262,1
-1.60639888525691,-1.5010083961732545,-0.20036951274778458,-0.9679318711029417,1
0.3596781853738915,2.213233682635013,-0.6801346819479516,0.142623523365262,1
-1.2607150047064395,-0.9704023849149305,0.6131453393742372,0.6686760786396742,1
0.7809804147947773,0.09080963760171741,1.0511917982091723,-0.8218061613044938,0
-1.5739910214553035,-0.7935337144954892,-0.07521338165208896,-0.1204027542719442,0
-1.4659648087832813,0.7982843192794827,-1.6813837307135169,1.5454303374303608,0
-1.3471359748440572,-1.147271055334372,1.3223634155831798,-0.6464553095463564,1
-1.4767674300504836,0.44454697844060004,-0.24208822311301634,-0.9971570130626312,1
0.08961265369383634,0.44454697844060004,0.4254111427306939,1.2531789178334651,0
0.8457961423979907,0.2676783080211587,7.41073164882378e-16,2.3052840283822897,0
0.9862302188716195,-1.5010083961732545,0.13338017017407053,-1.1140575809013895,0
0.7377699297259687,0.7982843192794827,1.4683789018614914,-0.9971570130626312,1
-1.0122547155607888,0.6214156488600414,-2.3071643861919955,1.7792314731078775,1
0.8349935211307884,1.1520216601183653,-0.5132598404870238,-0.8802564452238729,0
0.5325201256491265,0.7982843192794827,-0.7218533923131834,0.4348749429621577,1
0.5433227469163289,-1.3241397257538132,0.09166145980883879,-0.9094815871835624,0
-1.4335569449816747,-0.08605903281772391,0.7800201808351649,0.3764246590427785,1
0.8890066274667994,-0.6166650440760478,1.3015040604005637,-0.9387067291432521,1
0.8890066274667994,-0.7935337144954892,0.9260356671134764,0.20107380728464092,0
0.7269673084587663,0.6214156488600414,-0.9304469441393428,-0.9094815871835624,1
-1.239109762172035,-0.08605903281772391,1.676972453687651,-0.6172301675866667,0
-0.20205812052062333,-1.3241397257538132,0.2585363012697662,1.282404059793155,0
-0.6017551074071049,-0.9704023849149305,-0.49240048530440794,2.3345091703419794,0
0.8998092487340018,0.975152989698924,-0.4089630645739441,0.2595240912040201,1
0.4244939129771045,0.975152989698924,0.3628330771828459,-0.4711044577882191,0
-1.2067018983704283,0.7982843192794827,0.2585363012697662,0.93170235627688,1
-1.487570051317686,1.8594963417961305,-0.888728233774111,2.480634880140427,1
-1.7144250979289322,0.09080963760171741,0.5714266290090054,0.8732520723575011,0
1.072651189009237,2.566971023473896,-2.2237269654615317,-0.3249787479897712,0
0.8025856573291817,0.09080963760171741,0.9051763119308609,-0.09117761231225462,1
-1.6712146128601233,-0.26292770323716524,0.8217388912003967,-0.9971570130626312,1
0.8782040061995975,-0.26292770323716524,0.842598246383013,0.025722955526503628,1
0.21924410890026275,-0.26292770323716524,0.6965827601047014,0.5225503688412263,0
0.8457961423979907,-0.26292770323716524,0.7591608256525494,-0.9094815871835624,1
-0.7421891838807336,1.8594963417961305,0.21681759090453442,-0.9094815871835624,0
0.6297437170539466,-1.3241397257538132,0.2793956564523824,-0.9094815871835624,1
-1.1094783069656087,-1.3241397257538132,0.2585363012697662,-0.3834290319091503,0
1.2130852654828657,0.6214156488600414,0.7174421152873169,-0.09117761231225462,0
0.8025856573291817,-1.5010083961732545,-0.3255256438434802,-0.8510313032641834,0
0.867401384932395,-1.5010083961732545,0.9468950222960927,0.142623523365262,1
0.8241908998635864,0.975152989698924,0.8008795360177812,-0.7633558773851146,0
0.7377699297259687,-1.5010083961732545,-1.4519308237047415,-0.9679318711029417,0
-1.4551621875160792,0.975152989698924,0.5922859841916217,0.7271263625590533,0
0.8241908998635864,1.1520216601183653,-0.5966972612174877,-0.9094815871835624,0
0.12202051749544303,-1.5010083961732545,0.7591608256525494,0.5810006527606055,1
0.759375172260373,0.44454697844060004,-1.6605243755309012,-0.2957536060300816,0
-1.0446625793623954,2.036365012215572,-1.243337271878582,-1.1432827228610791,0
0.5217175043819245,0.09080963760171741,0.6548640497394697,0.6102257947202949,0
0.38128342790829584,0.7982843192794827,-1.1390404959655023,0.2887492331637098,0
0.8890066274667994,0.7982843192794827,0.9468950222960927,-0.44187931582852946,0
0.8133882785963841,-0.08605903281772391,0.2793956564523824,-0.9094815871835624,0
-1.185096655836024,-1.147271055334372,-0.6175566164001036,-0.4711044577882191,1
0.7917830360619798,0.6214156488600414,-2.5991953587486187,-0.6172301675866667,1
0.9106118700012038,-1.147271055334372,0.6340046945568534,-0.9387067291432521,1
-1.228307140904833,-0.08605903281772391,0.6965827601047014,0.142623523365262,0
0.8782040061995975,0.975152989698924,-1.5770869548004371,-0.9387067291432521,1
0.7701777935275754,1.1520216601183653,0.3002550116349979,0.5810006527606055,0
-0.1480450141846121,-0.9704023849149305,0.40455178754807763,-0.2957536060300816,1
-0.5801498648727006,0.6214156488600414,0.04994274944360667,-0.3249787479897712,1
-0.5909524861399027,-0.43979637365660657,0.13338017017407053,0.6102257947202949,0
-1.7360303404633366,-0.43979637365660657,1.2180666396701,-0.20807818015101284,0
-0.4937288947350828,0.6214156488600414,-1.5770869548004371,0.5225503688412263,0
-0.9582416092247777,-1.147271055334372,1.5518163225919548,-0.5003295997479085,0
1.1374669166124503,-1.5010083961732545,-0.47154113012179205,-0.9387067291432521,1
-1.4011490811800682,-0.9704023849149305,-0.8052908130436472,0.3764246590427785,0
0.5865332319851376,1.8594963417961305,-0.9513062993219586,-0.9679318711029417,0
1.0510459464748325,-0.08605903281772391,-2.807788910574778,-0.8802564452238729,1
-1.4335569449816747,0.2676783080211587,0.4254111427306939,0.93170235627688,1
0.9214144912684061,0.09080963760171741,1.3640821259484117,-0.7341307354254252,0
-0.22366336305502768,0.7982843192794827,0.15423952535668642,0.2887492331637098,0
0.7701777935275754,-1.147271055334372,-0.49240048530440794,-0.8802564452238729,1
-0.15884763545181446,2.036365012215572,-0.6801346819479516,-0.5295547417075981,1
